Id,Expected
img0.jpg,barney_gumble
img1.jpg,bart_simpson
img10.jpg,img10.jpg
img100.jpg,chief_wiggum
img101.jpg,apu_nahasapeemapetilon
img102.jpg,img102.jpg
img103.jpg,bart_simpson
img104.jpg,chief_wiggum
img105.jpg,img105.jpg
img106.jpg,img106.jpg
img107.jpg,img107.jpg
img108.jpg,img108.jpg
img109.jpg,img109.jpg
img11.jpg,img11.jpg
img110.jpg,img110.jpg
img111.jpg,comic_book_guy
img112.jpg,chief_wiggum
img113.jpg,img113.jpg
img114.jpg,charles_montgomery_burns
img115.jpg,abraham_grampa_simpson
img116.jpg,img116.jpg
img117.jpg,img117.jpg
img118.jpg,comic_book_guy
img119.jpg,img119.jpg
img12.jpg,homer_simpson
img120.jpg,apu_nahasapeemapetilon
img121.jpg,img121.jpg
img122.jpg,img122.jpg
img123.jpg,img123.jpg
img124.jpg,edna_krabappel
img125.jpg,apu_nahasapeemapetilon
img126.jpg,chief_wiggum
img127.jpg,apu_nahasapeemapetilon
img128.jpg,img128.jpg
img129.jpg,img129.jpg
img13.jpg,abraham_grampa_simpson
img130.jpg,abraham_grampa_simpson
img131.jpg,img131.jpg
img132.jpg,img132.jpg
img133.jpg,charles_montgomery_burns
img134.jpg,chief_wiggum
img135.jpg,img135.jpg
img136.jpg,abraham_grampa_simpson
img137.jpg,img137.jpg
img138.jpg,img138.jpg
img139.jpg,abraham_grampa_simpson
img14.jpg,img14.jpg
img140.jpg,comic_book_guy
img141.jpg,img141.jpg
img142.jpg,img142.jpg
img143.jpg,charles_montgomery_burns
img144.jpg,img144.jpg
img145.jpg,apu_nahasapeemapetilon
img146.jpg,img146.jpg
img147.jpg,bart_simpson
img148.jpg,edna_krabappel
img149.jpg,cletus_spuckler
img15.jpg,charles_montgomery_burns
img150.jpg,img150.jpg
img151.jpg,chief_wiggum
img152.jpg,img152.jpg
img153.jpg,charles_montgomery_burns
img154.jpg,img154.jpg
img155.jpg,apu_nahasapeemapetilon
img156.jpg,edna_krabappel
img157.jpg,img157.jpg
img158.jpg,comic_book_guy
img159.jpg,img159.jpg
img16.jpg,img16.jpg
img160.jpg,img160.jpg
img161.jpg,bart_simpson
img162.jpg,apu_nahasapeemapetilon
img163.jpg,comic_book_guy
img164.jpg,charles_montgomery_burns
img165.jpg,edna_krabappel
img166.jpg,img166.jpg
img167.jpg,img167.jpg
img168.jpg,img168.jpg
img169.jpg,img169.jpg
img17.jpg,img17.jpg
img170.jpg,chief_wiggum
img171.jpg,img171.jpg
img172.jpg,img172.jpg
img173.jpg,img173.jpg
img174.jpg,img174.jpg
img175.jpg,img175.jpg
img176.jpg,chief_wiggum
img177.jpg,chief_wiggum
img178.jpg,abraham_grampa_simpson
img179.jpg,img179.jpg
img18.jpg,homer_simpson
img180.jpg,img180.jpg
img181.jpg,img181.jpg
img182.jpg,img182.jpg
img183.jpg,img183.jpg
img184.jpg,img184.jpg
img185.jpg,homer_simpson
img186.jpg,chief_wiggum
img187.jpg,img187.jpg
img188.jpg,edna_krabappel
img189.jpg,img189.jpg
img19.jpg,abraham_grampa_simpson
img190.jpg,chief_wiggum
img191.jpg,img191.jpg
img192.jpg,img192.jpg
img193.jpg,bart_simpson
img194.jpg,apu_nahasapeemapetilon
img195.jpg,charles_montgomery_burns
img196.jpg,bart_simpson
img197.jpg,apu_nahasapeemapetilon
img198.jpg,img198.jpg
img199.jpg,apu_nahasapeemapetilon
img2.jpg,img2.jpg
img20.jpg,img20.jpg
img200.jpg,edna_krabappel
img201.jpg,homer_simpson
img202.jpg,homer_simpson
img203.jpg,abraham_grampa_simpson
img204.jpg,bart_simpson
img205.jpg,edna_krabappel
img206.jpg,img206.jpg
img207.jpg,img207.jpg
img208.jpg,img208.jpg
img209.jpg,img209.jpg
img21.jpg,edna_krabappel
img210.jpg,img210.jpg
img211.jpg,img211.jpg
img212.jpg,homer_simpson
img213.jpg,img213.jpg
img214.jpg,img214.jpg
img215.jpg,apu_nahasapeemapetilon
img216.jpg,img216.jpg
img217.jpg,chief_wiggum
img218.jpg,gil
img219.jpg,img219.jpg
img22.jpg,img22.jpg
img220.jpg,homer_simpson
img221.jpg,img221.jpg
img222.jpg,img222.jpg
img223.jpg,apu_nahasapeemapetilon
img224.jpg,img224.jpg
img225.jpg,agnes_skinner
img226.jpg,img226.jpg
img227.jpg,bart_simpson
img228.jpg,img228.jpg
img229.jpg,img229.jpg
img23.jpg,chief_wiggum
img230.jpg,img230.jpg
img231.jpg,img231.jpg
img232.jpg,img232.jpg
img233.jpg,edna_krabappel
img234.jpg,img234.jpg
img235.jpg,img235.jpg
img236.jpg,homer_simpson
img237.jpg,charles_montgomery_burns
img238.jpg,abraham_grampa_simpson
img239.jpg,img239.jpg
img24.jpg,chief_wiggum
img240.jpg,barney_gumble
img241.jpg,img241.jpg
img242.jpg,homer_simpson
img243.jpg,img243.jpg
img244.jpg,img244.jpg
img245.jpg,img245.jpg
img246.jpg,homer_simpson
img247.jpg,charles_montgomery_burns
img248.jpg,homer_simpson
img249.jpg,img249.jpg
img25.jpg,apu_nahasapeemapetilon
img250.jpg,img250.jpg
img251.jpg,img251.jpg
img252.jpg,img252.jpg
img253.jpg,apu_nahasapeemapetilon
img254.jpg,homer_simpson
img255.jpg,img255.jpg
img256.jpg,img256.jpg
img257.jpg,img257.jpg
img258.jpg,img258.jpg
img259.jpg,bart_simpson
img26.jpg,abraham_grampa_simpson
img260.jpg,img260.jpg
img261.jpg,bart_simpson
img262.jpg,homer_simpson
img263.jpg,img263.jpg
img264.jpg,img264.jpg
img265.jpg,img265.jpg
img266.jpg,homer_simpson
img267.jpg,charles_montgomery_burns
img268.jpg,homer_simpson
img269.jpg,chief_wiggum
img27.jpg,img27.jpg
img270.jpg,img270.jpg
img271.jpg,apu_nahasapeemapetilon
img272.jpg,img272.jpg
img273.jpg,bart_simpson
img274.jpg,img274.jpg
img275.jpg,img275.jpg
img276.jpg,img276.jpg
img277.jpg,chief_wiggum
img278.jpg,bart_simpson
img279.jpg,abraham_grampa_simpson
img28.jpg,homer_simpson
img280.jpg,cletus_spuckler
img281.jpg,abraham_grampa_simpson
img282.jpg,img282.jpg
img283.jpg,chief_wiggum
img284.jpg,img284.jpg
img285.jpg,img285.jpg
img286.jpg,img286.jpg
img287.jpg,img287.jpg
img288.jpg,img288.jpg
img289.jpg,img289.jpg
img29.jpg,img29.jpg
img290.jpg,charles_montgomery_burns
img291.jpg,comic_book_guy
img292.jpg,apu_nahasapeemapetilon
img293.jpg,bart_simpson
img294.jpg,charles_montgomery_burns
img295.jpg,img295.jpg
img296.jpg,img296.jpg
img297.jpg,img297.jpg
img298.jpg,img298.jpg
img299.jpg,img299.jpg
img3.jpg,img3.jpg
img30.jpg,img30.jpg
img300.jpg,img300.jpg
img301.jpg,img301.jpg
img302.jpg,bart_simpson
img303.jpg,img303.jpg
img304.jpg,img304.jpg
img305.jpg,img305.jpg
img306.jpg,img306.jpg
img307.jpg,img307.jpg
img308.jpg,img308.jpg
img309.jpg,homer_simpson
img31.jpg,comic_book_guy
img310.jpg,edna_krabappel
img311.jpg,img311.jpg
img312.jpg,img312.jpg
img313.jpg,img313.jpg
img314.jpg,apu_nahasapeemapetilon
img315.jpg,img315.jpg
img316.jpg,apu_nahasapeemapetilon
img317.jpg,img317.jpg
img318.jpg,homer_simpson
img319.jpg,abraham_grampa_simpson
img32.jpg,img32.jpg
img320.jpg,img320.jpg
img321.jpg,img321.jpg
img322.jpg,bart_simpson
img323.jpg,img323.jpg
img324.jpg,edna_krabappel
img325.jpg,img325.jpg
img326.jpg,img326.jpg
img327.jpg,charles_montgomery_burns
img328.jpg,edna_krabappel
img329.jpg,img329.jpg
img33.jpg,img33.jpg
img330.jpg,apu_nahasapeemapetilon
img331.jpg,img331.jpg
img332.jpg,img332.jpg
img333.jpg,img333.jpg
img334.jpg,comic_book_guy
img335.jpg,img335.jpg
img336.jpg,img336.jpg
img337.jpg,img337.jpg
img338.jpg,img338.jpg
img339.jpg,img339.jpg
img34.jpg,edna_krabappel
img340.jpg,img340.jpg
img341.jpg,bart_simpson
img342.jpg,homer_simpson
img343.jpg,img343.jpg
img344.jpg,img344.jpg
img345.jpg,img345.jpg
img346.jpg,img346.jpg
img347.jpg,chief_wiggum
img348.jpg,charles_montgomery_burns
img349.jpg,img349.jpg
img35.jpg,img35.jpg
img350.jpg,img350.jpg
img351.jpg,homer_simpson
img352.jpg,img352.jpg
img353.jpg,homer_simpson
img354.jpg,homer_simpson
img355.jpg,img355.jpg
img356.jpg,homer_simpson
img357.jpg,edna_krabappel
img358.jpg,charles_montgomery_burns
img359.jpg,img359.jpg
img36.jpg,chief_wiggum
img360.jpg,img360.jpg
img361.jpg,img361.jpg
img362.jpg,img362.jpg
img363.jpg,chief_wiggum
img364.jpg,homer_simpson
img365.jpg,bart_simpson
img366.jpg,img366.jpg
img367.jpg,img367.jpg
img368.jpg,img368.jpg
img369.jpg,homer_simpson
img37.jpg,homer_simpson
img370.jpg,img370.jpg
img371.jpg,img371.jpg
img372.jpg,img372.jpg
img373.jpg,img373.jpg
img374.jpg,img374.jpg
img375.jpg,abraham_grampa_simpson
img376.jpg,img376.jpg
img377.jpg,img377.jpg
img378.jpg,img378.jpg
img379.jpg,bart_simpson
img38.jpg,img38.jpg
img380.jpg,img380.jpg
img381.jpg,img381.jpg
img382.jpg,img382.jpg
img383.jpg,img383.jpg
img384.jpg,img384.jpg
img385.jpg,bart_simpson
img386.jpg,img386.jpg
img387.jpg,bart_simpson
img388.jpg,img388.jpg
img389.jpg,img389.jpg
img39.jpg,img39.jpg
img390.jpg,img390.jpg
img391.jpg,apu_nahasapeemapetilon
img392.jpg,img392.jpg
img393.jpg,abraham_grampa_simpson
img394.jpg,img394.jpg
img395.jpg,img395.jpg
img396.jpg,img396.jpg
img397.jpg,edna_krabappel
img398.jpg,img398.jpg
img399.jpg,bart_simpson
img4.jpg,img4.jpg
img40.jpg,img40.jpg
img400.jpg,abraham_grampa_simpson
img401.jpg,chief_wiggum
img402.jpg,img402.jpg
img403.jpg,img403.jpg
img404.jpg,charles_montgomery_burns
img405.jpg,img405.jpg
img406.jpg,edna_krabappel
img407.jpg,comic_book_guy
img408.jpg,comic_book_guy
img409.jpg,img409.jpg
img41.jpg,homer_simpson
img410.jpg,img410.jpg
img411.jpg,img411.jpg
img412.jpg,img412.jpg
img413.jpg,img413.jpg
img414.jpg,img414.jpg
img415.jpg,img415.jpg
img416.jpg,img416.jpg
img417.jpg,img417.jpg
img418.jpg,homer_simpson
img419.jpg,img419.jpg
img42.jpg,comic_book_guy
img420.jpg,img420.jpg
img421.jpg,bart_simpson
img422.jpg,img422.jpg
img423.jpg,img423.jpg
img424.jpg,bart_simpson
img425.jpg,abraham_grampa_simpson
img426.jpg,img426.jpg
img427.jpg,img427.jpg
img428.jpg,img428.jpg
img429.jpg,img429.jpg
img43.jpg,img43.jpg
img430.jpg,homer_simpson
img431.jpg,img431.jpg
img432.jpg,img432.jpg
img433.jpg,img433.jpg
img434.jpg,img434.jpg
img435.jpg,edna_krabappel
img436.jpg,img436.jpg
img437.jpg,img437.jpg
img438.jpg,img438.jpg
img439.jpg,img439.jpg
img44.jpg,edna_krabappel
img440.jpg,img440.jpg
img441.jpg,img441.jpg
img442.jpg,comic_book_guy
img443.jpg,abraham_grampa_simpson
img444.jpg,img444.jpg
img445.jpg,img445.jpg
img446.jpg,img446.jpg
img447.jpg,comic_book_guy
img448.jpg,img448.jpg
img449.jpg,img449.jpg
img45.jpg,img45.jpg
img450.jpg,img450.jpg
img451.jpg,homer_simpson
img452.jpg,img452.jpg
img453.jpg,comic_book_guy
img454.jpg,img454.jpg
img455.jpg,img455.jpg
img456.jpg,homer_simpson
img457.jpg,img457.jpg
img458.jpg,img458.jpg
img459.jpg,img459.jpg
img46.jpg,img46.jpg
img460.jpg,edna_krabappel
img461.jpg,img461.jpg
img462.jpg,img462.jpg
img463.jpg,img463.jpg
img464.jpg,img464.jpg
img465.jpg,img465.jpg
img466.jpg,img466.jpg
img467.jpg,img467.jpg
img468.jpg,img468.jpg
img469.jpg,img469.jpg
img47.jpg,img47.jpg
img470.jpg,img470.jpg
img471.jpg,homer_simpson
img472.jpg,homer_simpson
img473.jpg,img473.jpg
img474.jpg,img474.jpg
img475.jpg,img475.jpg
img476.jpg,img476.jpg
img477.jpg,cletus_spuckler
img478.jpg,charles_montgomery_burns
img479.jpg,apu_nahasapeemapetilon
img48.jpg,abraham_grampa_simpson
img480.jpg,img480.jpg
img481.jpg,img481.jpg
img482.jpg,img482.jpg
img483.jpg,abraham_grampa_simpson
img484.jpg,img484.jpg
img485.jpg,img485.jpg
img486.jpg,charles_montgomery_burns
img487.jpg,img487.jpg
img488.jpg,disco_stu
img489.jpg,abraham_grampa_simpson
img49.jpg,img49.jpg
img490.jpg,img490.jpg
img491.jpg,img491.jpg
img492.jpg,img492.jpg
img493.jpg,img493.jpg
img494.jpg,img494.jpg
img495.jpg,img495.jpg
img496.jpg,comic_book_guy
img497.jpg,img497.jpg
img498.jpg,chief_wiggum
img499.jpg,img499.jpg
img5.jpg,img5.jpg
img50.jpg,bart_simpson
img500.jpg,abraham_grampa_simpson
img501.jpg,edna_krabappel
img502.jpg,img502.jpg
img503.jpg,img503.jpg
img504.jpg,bart_simpson
img505.jpg,img505.jpg
img506.jpg,img506.jpg
img507.jpg,charles_montgomery_burns
img508.jpg,apu_nahasapeemapetilon
img509.jpg,comic_book_guy
img51.jpg,comic_book_guy
img510.jpg,bart_simpson
img511.jpg,img511.jpg
img512.jpg,charles_montgomery_burns
img513.jpg,img513.jpg
img514.jpg,chief_wiggum
img515.jpg,img515.jpg
img516.jpg,img516.jpg
img517.jpg,img517.jpg
img518.jpg,apu_nahasapeemapetilon
img519.jpg,img519.jpg
img52.jpg,img52.jpg
img520.jpg,img520.jpg
img521.jpg,img521.jpg
img522.jpg,img522.jpg
img523.jpg,img523.jpg
img524.jpg,bart_simpson
img525.jpg,abraham_grampa_simpson
img526.jpg,img526.jpg
img527.jpg,chief_wiggum
img528.jpg,img528.jpg
img529.jpg,charles_montgomery_burns
img53.jpg,img53.jpg
img530.jpg,img530.jpg
img531.jpg,comic_book_guy
img532.jpg,homer_simpson
img533.jpg,bart_simpson
img534.jpg,abraham_grampa_simpson
img535.jpg,img535.jpg
img536.jpg,img536.jpg
img537.jpg,chief_wiggum
img538.jpg,homer_simpson
img539.jpg,img539.jpg
img54.jpg,img54.jpg
img540.jpg,img540.jpg
img541.jpg,homer_simpson
img542.jpg,img542.jpg
img543.jpg,abraham_grampa_simpson
img544.jpg,img544.jpg
img545.jpg,img545.jpg
img546.jpg,img546.jpg
img547.jpg,img547.jpg
img548.jpg,homer_simpson
img549.jpg,img549.jpg
img55.jpg,img55.jpg
img550.jpg,img550.jpg
img551.jpg,img551.jpg
img552.jpg,img552.jpg
img553.jpg,img553.jpg
img554.jpg,apu_nahasapeemapetilon
img555.jpg,comic_book_guy
img556.jpg,chief_wiggum
img557.jpg,bart_simpson
img558.jpg,img558.jpg
img559.jpg,img559.jpg
img56.jpg,bart_simpson
img560.jpg,img560.jpg
img561.jpg,img561.jpg
img562.jpg,img562.jpg
img563.jpg,img563.jpg
img564.jpg,apu_nahasapeemapetilon
img565.jpg,img565.jpg
img566.jpg,img566.jpg
img567.jpg,homer_simpson
img568.jpg,chief_wiggum
img569.jpg,bart_simpson
img57.jpg,comic_book_guy
img570.jpg,img570.jpg
img571.jpg,abraham_grampa_simpson
img572.jpg,abraham_grampa_simpson
img573.jpg,img573.jpg
img574.jpg,img574.jpg
img575.jpg,abraham_grampa_simpson
img576.jpg,img576.jpg
img577.jpg,abraham_grampa_simpson
img578.jpg,img578.jpg
img579.jpg,comic_book_guy
img58.jpg,img58.jpg
img580.jpg,img580.jpg
img581.jpg,chief_wiggum
img582.jpg,homer_simpson
img583.jpg,img583.jpg
img584.jpg,img584.jpg
img585.jpg,apu_nahasapeemapetilon
img586.jpg,img586.jpg
img587.jpg,img587.jpg
img588.jpg,abraham_grampa_simpson
img589.jpg,img589.jpg
img59.jpg,bart_simpson
img590.jpg,img590.jpg
img591.jpg,chief_wiggum
img592.jpg,img592.jpg
img593.jpg,img593.jpg
img594.jpg,img594.jpg
img595.jpg,img595.jpg
img596.jpg,img596.jpg
img597.jpg,img597.jpg
img598.jpg,img598.jpg
img599.jpg,img599.jpg
img6.jpg,img6.jpg
img60.jpg,bart_simpson
img600.jpg,chief_wiggum
img601.jpg,apu_nahasapeemapetilon
img602.jpg,img602.jpg
img603.jpg,homer_simpson
img604.jpg,img604.jpg
img605.jpg,comic_book_guy
img606.jpg,abraham_grampa_simpson
img607.jpg,homer_simpson
img608.jpg,apu_nahasapeemapetilon
img609.jpg,bart_simpson
img61.jpg,chief_wiggum
img610.jpg,chief_wiggum
img611.jpg,img611.jpg
img612.jpg,img612.jpg
img613.jpg,bart_simpson
img614.jpg,img614.jpg
img615.jpg,img615.jpg
img616.jpg,charles_montgomery_burns
img617.jpg,bart_simpson
img618.jpg,img618.jpg
img619.jpg,homer_simpson
img62.jpg,chief_wiggum
img620.jpg,img620.jpg
img621.jpg,bart_simpson
img622.jpg,img622.jpg
img623.jpg,homer_simpson
img624.jpg,img624.jpg
img625.jpg,img625.jpg
img626.jpg,img626.jpg
img627.jpg,abraham_grampa_simpson
img628.jpg,img628.jpg
img629.jpg,img629.jpg
img63.jpg,abraham_grampa_simpson
img630.jpg,bart_simpson
img631.jpg,img631.jpg
img632.jpg,apu_nahasapeemapetilon
img633.jpg,abraham_grampa_simpson
img634.jpg,img634.jpg
img635.jpg,abraham_grampa_simpson
img636.jpg,img636.jpg
img637.jpg,img637.jpg
img638.jpg,bart_simpson
img639.jpg,homer_simpson
img64.jpg,img64.jpg
img640.jpg,img640.jpg
img641.jpg,img641.jpg
img642.jpg,img642.jpg
img643.jpg,chief_wiggum
img644.jpg,apu_nahasapeemapetilon
img645.jpg,gil
img646.jpg,chief_wiggum
img647.jpg,img647.jpg
img648.jpg,img648.jpg
img649.jpg,img649.jpg
img65.jpg,abraham_grampa_simpson
img650.jpg,img650.jpg
img651.jpg,img651.jpg
img652.jpg,img652.jpg
img653.jpg,charles_montgomery_burns
img654.jpg,img654.jpg
img655.jpg,img655.jpg
img656.jpg,img656.jpg
img657.jpg,img657.jpg
img658.jpg,charles_montgomery_burns
img659.jpg,charles_montgomery_burns
img66.jpg,img66.jpg
img660.jpg,img660.jpg
img661.jpg,abraham_grampa_simpson
img662.jpg,chief_wiggum
img663.jpg,chief_wiggum
img664.jpg,bart_simpson
img665.jpg,edna_krabappel
img666.jpg,comic_book_guy
img667.jpg,img667.jpg
img668.jpg,img668.jpg
img669.jpg,img669.jpg
img67.jpg,img67.jpg
img670.jpg,charles_montgomery_burns
img671.jpg,img671.jpg
img672.jpg,bart_simpson
img673.jpg,abraham_grampa_simpson
img674.jpg,img674.jpg
img675.jpg,charles_montgomery_burns
img676.jpg,img676.jpg
img677.jpg,img677.jpg
img678.jpg,img678.jpg
img679.jpg,homer_simpson
img68.jpg,img68.jpg
img680.jpg,img680.jpg
img681.jpg,img681.jpg
img682.jpg,img682.jpg
img683.jpg,img683.jpg
img684.jpg,bart_simpson
img685.jpg,img685.jpg
img686.jpg,cletus_spuckler
img687.jpg,homer_simpson
img688.jpg,img688.jpg
img689.jpg,img689.jpg
img69.jpg,bart_simpson
img690.jpg,img690.jpg
img691.jpg,img691.jpg
img692.jpg,charles_montgomery_burns
img693.jpg,img693.jpg
img694.jpg,img694.jpg
img695.jpg,img695.jpg
img696.jpg,img696.jpg
img697.jpg,img697.jpg
img698.jpg,img698.jpg
img699.jpg,img699.jpg
img7.jpg,img7.jpg
img70.jpg,abraham_grampa_simpson
img700.jpg,abraham_grampa_simpson
img701.jpg,img701.jpg
img702.jpg,apu_nahasapeemapetilon
img703.jpg,img703.jpg
img704.jpg,chief_wiggum
img705.jpg,agnes_skinner
img706.jpg,img706.jpg
img707.jpg,img707.jpg
img708.jpg,apu_nahasapeemapetilon
img709.jpg,img709.jpg
img71.jpg,img71.jpg
img710.jpg,img710.jpg
img711.jpg,img711.jpg
img712.jpg,img712.jpg
img713.jpg,img713.jpg
img714.jpg,charles_montgomery_burns
img715.jpg,img715.jpg
img716.jpg,img716.jpg
img717.jpg,img717.jpg
img718.jpg,apu_nahasapeemapetilon
img719.jpg,img719.jpg
img72.jpg,img72.jpg
img720.jpg,img720.jpg
img721.jpg,img721.jpg
img722.jpg,img722.jpg
img723.jpg,img723.jpg
img724.jpg,chief_wiggum
img725.jpg,img725.jpg
img726.jpg,img726.jpg
img727.jpg,img727.jpg
img728.jpg,charles_montgomery_burns
img729.jpg,img729.jpg
img73.jpg,img73.jpg
img730.jpg,abraham_grampa_simpson
img731.jpg,apu_nahasapeemapetilon
img732.jpg,img732.jpg
img733.jpg,edna_krabappel
img734.jpg,bart_simpson
img735.jpg,comic_book_guy
img736.jpg,img736.jpg
img737.jpg,fat_tony
img738.jpg,chief_wiggum
img739.jpg,bart_simpson
img74.jpg,img74.jpg
img740.jpg,abraham_grampa_simpson
img741.jpg,img741.jpg
img742.jpg,edna_krabappel
img743.jpg,edna_krabappel
img744.jpg,abraham_grampa_simpson
img745.jpg,edna_krabappel
img746.jpg,img746.jpg
img747.jpg,img747.jpg
img748.jpg,img748.jpg
img749.jpg,apu_nahasapeemapetilon
img75.jpg,img75.jpg
img750.jpg,img750.jpg
img751.jpg,apu_nahasapeemapetilon
img752.jpg,img752.jpg
img753.jpg,img753.jpg
img754.jpg,chief_wiggum
img755.jpg,charles_montgomery_burns
img756.jpg,comic_book_guy
img757.jpg,chief_wiggum
img758.jpg,img758.jpg
img759.jpg,img759.jpg
img76.jpg,img76.jpg
img760.jpg,img760.jpg
img761.jpg,img761.jpg
img762.jpg,img762.jpg
img763.jpg,abraham_grampa_simpson
img764.jpg,chief_wiggum
img765.jpg,img765.jpg
img766.jpg,bart_simpson
img767.jpg,img767.jpg
img768.jpg,img768.jpg
img769.jpg,img769.jpg
img77.jpg,edna_krabappel
img770.jpg,abraham_grampa_simpson
img771.jpg,img771.jpg
img772.jpg,img772.jpg
img773.jpg,abraham_grampa_simpson
img774.jpg,img774.jpg
img775.jpg,img775.jpg
img776.jpg,img776.jpg
img777.jpg,img777.jpg
img778.jpg,comic_book_guy
img779.jpg,img779.jpg
img78.jpg,charles_montgomery_burns
img780.jpg,img780.jpg
img781.jpg,img781.jpg
img782.jpg,img782.jpg
img783.jpg,charles_montgomery_burns
img784.jpg,chief_wiggum
img785.jpg,img785.jpg
img786.jpg,img786.jpg
img787.jpg,img787.jpg
img788.jpg,img788.jpg
img789.jpg,edna_krabappel
img79.jpg,img79.jpg
img790.jpg,comic_book_guy
img791.jpg,img791.jpg
img792.jpg,chief_wiggum
img793.jpg,bart_simpson
img794.jpg,img794.jpg
img795.jpg,img795.jpg
img796.jpg,img796.jpg
img797.jpg,charles_montgomery_burns
img798.jpg,charles_montgomery_burns
img799.jpg,img799.jpg
img8.jpg,img8.jpg
img80.jpg,img80.jpg
img800.jpg,abraham_grampa_simpson
img801.jpg,homer_simpson
img802.jpg,chief_wiggum
img803.jpg,img803.jpg
img804.jpg,edna_krabappel
img805.jpg,img805.jpg
img806.jpg,img806.jpg
img807.jpg,img807.jpg
img808.jpg,img808.jpg
img809.jpg,img809.jpg
img81.jpg,img81.jpg
img810.jpg,img810.jpg
img811.jpg,comic_book_guy
img812.jpg,apu_nahasapeemapetilon
img813.jpg,edna_krabappel
img814.jpg,img814.jpg
img815.jpg,img815.jpg
img816.jpg,img816.jpg
img817.jpg,apu_nahasapeemapetilon
img818.jpg,img818.jpg
img819.jpg,img819.jpg
img82.jpg,abraham_grampa_simpson
img820.jpg,abraham_grampa_simpson
img821.jpg,img821.jpg
img822.jpg,img822.jpg
img823.jpg,img823.jpg
img824.jpg,charles_montgomery_burns
img825.jpg,comic_book_guy
img826.jpg,apu_nahasapeemapetilon
img827.jpg,comic_book_guy
img828.jpg,img828.jpg
img829.jpg,img829.jpg
img83.jpg,homer_simpson
img830.jpg,img830.jpg
img831.jpg,chief_wiggum
img832.jpg,img832.jpg
img833.jpg,charles_montgomery_burns
img834.jpg,edna_krabappel
img835.jpg,img835.jpg
img836.jpg,edna_krabappel
img837.jpg,bart_simpson
img838.jpg,img838.jpg
img839.jpg,charles_montgomery_burns
img84.jpg,chief_wiggum
img840.jpg,img840.jpg
img841.jpg,homer_simpson
img842.jpg,img842.jpg
img843.jpg,img843.jpg
img844.jpg,img844.jpg
img845.jpg,img845.jpg
img846.jpg,img846.jpg
img847.jpg,img847.jpg
img848.jpg,charles_montgomery_burns
img849.jpg,img849.jpg
img85.jpg,img85.jpg
img850.jpg,img850.jpg
img851.jpg,img851.jpg
img852.jpg,img852.jpg
img853.jpg,img853.jpg
img854.jpg,abraham_grampa_simpson
img855.jpg,img855.jpg
img856.jpg,img856.jpg
img857.jpg,img857.jpg
img858.jpg,img858.jpg
img859.jpg,img859.jpg
img86.jpg,img86.jpg
img860.jpg,img860.jpg
img861.jpg,charles_montgomery_burns
img862.jpg,img862.jpg
img863.jpg,img863.jpg
img864.jpg,edna_krabappel
img865.jpg,img865.jpg
img866.jpg,img866.jpg
img867.jpg,img867.jpg
img868.jpg,img868.jpg
img869.jpg,img869.jpg
img87.jpg,abraham_grampa_simpson
img870.jpg,img870.jpg
img871.jpg,img871.jpg
img872.jpg,img872.jpg
img873.jpg,comic_book_guy
img874.jpg,img874.jpg
img875.jpg,homer_simpson
img876.jpg,apu_nahasapeemapetilon
img877.jpg,img877.jpg
img878.jpg,img878.jpg
img879.jpg,abraham_grampa_simpson
img88.jpg,chief_wiggum
img880.jpg,img880.jpg
img881.jpg,img881.jpg
img882.jpg,img882.jpg
img883.jpg,homer_simpson
img884.jpg,img884.jpg
img885.jpg,bart_simpson
img886.jpg,img886.jpg
img887.jpg,homer_simpson
img888.jpg,charles_montgomery_burns
img889.jpg,img889.jpg
img89.jpg,img89.jpg
img890.jpg,img890.jpg
img891.jpg,img891.jpg
img892.jpg,img892.jpg
img893.jpg,homer_simpson
img894.jpg,img894.jpg
img895.jpg,homer_simpson
img896.jpg,disco_stu
img897.jpg,img897.jpg
img898.jpg,img898.jpg
img899.jpg,img899.jpg
img9.jpg,comic_book_guy
img90.jpg,img90.jpg
img900.jpg,img900.jpg
img901.jpg,apu_nahasapeemapetilon
img902.jpg,img902.jpg
img903.jpg,homer_simpson
img904.jpg,img904.jpg
img905.jpg,homer_simpson
img906.jpg,bart_simpson
img907.jpg,img907.jpg
img908.jpg,img908.jpg
img909.jpg,img909.jpg
img91.jpg,img91.jpg
img910.jpg,img910.jpg
img911.jpg,chief_wiggum
img912.jpg,img912.jpg
img913.jpg,img913.jpg
img914.jpg,bart_simpson
img915.jpg,img915.jpg
img916.jpg,img916.jpg
img917.jpg,apu_nahasapeemapetilon
img918.jpg,img918.jpg
img919.jpg,img919.jpg
img92.jpg,img92.jpg
img920.jpg,img920.jpg
img921.jpg,img921.jpg
img922.jpg,charles_montgomery_burns
img923.jpg,abraham_grampa_simpson
img924.jpg,homer_simpson
img925.jpg,img925.jpg
img926.jpg,img926.jpg
img927.jpg,img927.jpg
img928.jpg,img928.jpg
img929.jpg,img929.jpg
img93.jpg,bart_simpson
img930.jpg,comic_book_guy
img931.jpg,img931.jpg
img932.jpg,edna_krabappel
img933.jpg,edna_krabappel
img934.jpg,img934.jpg
img935.jpg,img935.jpg
img936.jpg,img936.jpg
img937.jpg,img937.jpg
img938.jpg,edna_krabappel
img939.jpg,img939.jpg
img94.jpg,bart_simpson
img940.jpg,img940.jpg
img941.jpg,homer_simpson
img942.jpg,img942.jpg
img943.jpg,charles_montgomery_burns
img944.jpg,edna_krabappel
img945.jpg,homer_simpson
img946.jpg,img946.jpg
img947.jpg,img947.jpg
img948.jpg,comic_book_guy
img949.jpg,img949.jpg
img95.jpg,chief_wiggum
img950.jpg,homer_simpson
img951.jpg,homer_simpson
img952.jpg,img952.jpg
img953.jpg,img953.jpg
img954.jpg,img954.jpg
img955.jpg,img955.jpg
img956.jpg,bart_simpson
img957.jpg,img957.jpg
img958.jpg,apu_nahasapeemapetilon
img959.jpg,homer_simpson
img96.jpg,img96.jpg
img960.jpg,img960.jpg
img961.jpg,img961.jpg
img962.jpg,img962.jpg
img963.jpg,bart_simpson
img964.jpg,img964.jpg
img965.jpg,img965.jpg
img966.jpg,edna_krabappel
img967.jpg,img967.jpg
img968.jpg,img968.jpg
img969.jpg,img969.jpg
img97.jpg,img97.jpg
img970.jpg,img970.jpg
img971.jpg,img971.jpg
img972.jpg,homer_simpson
img973.jpg,img973.jpg
img974.jpg,img974.jpg
img975.jpg,img975.jpg
img976.jpg,img976.jpg
img977.jpg,img977.jpg
img978.jpg,homer_simpson
img979.jpg,img979.jpg
img98.jpg,charles_montgomery_burns
img980.jpg,img980.jpg
img981.jpg,img981.jpg
img982.jpg,img982.jpg
img983.jpg,bart_simpson
img984.jpg,apu_nahasapeemapetilon
img985.jpg,img985.jpg
img986.jpg,img986.jpg
img987.jpg,img987.jpg
img988.jpg,img988.jpg
img989.jpg,charles_montgomery_burns
img99.jpg,chief_wiggum
img990.jpg,img990.jpg
